<?xml version="1.0" encoding="utf-8"?><!-- Copyright (c) Microsoft Corporation.  All rights reserved. --><GroupPolicyBackupScheme bkp:version="2.0" bkp:type="GroupPolicyBackupTemplate" xmlns:bkp="http://www.microsoft.com/GroupPolicy/GPOOperations" xmlns="http://www.microsoft.com/GroupPolicy/GPOOperations">
    <GroupPolicyObject><SecurityGroups><Group bkp:Source="FromDACL"><Sid><![CDATA[S-1-5-21-883400580-4073982233-2928445431-519]]></Sid><SamAccountName><![CDATA[Enterprise Admins]]></SamAccountName><Type><![CDATA[UniversalGroup]]></Type><NetBIOSDomainName><![CDATA[JVE5DTEST]]></NetBIOSDomainName><DnsDomainName><![CDATA[JVE5DTEST.COM]]></DnsDomainName><UPN><![CDATA[Enterprise Admins@JVE5DTEST.COM]]></UPN></Group><Group bkp:Source="FromDACL"><Sid><![CDATA[S-1-5-21-883400580-4073982233-2928445431-512]]></Sid><SamAccountName><![CDATA[Domain Admins]]></SamAccountName><Type><![CDATA[GlobalGroup]]></Type><NetBIOSDomainName><![CDATA[JVE5DTEST]]></NetBIOSDomainName><DnsDomainName><![CDATA[JVE5DTEST.COM]]></DnsDomainName><UPN><![CDATA[Domain Admins@JVE5DTEST.COM]]></UPN></Group></SecurityGroups><FilePaths/><GroupPolicyCoreSettings><ID><![CDATA[{1F022E43-E846-48BA-8D6B-2F79ABC61F23}]]></ID><Domain><![CDATA[JVE5DTEST.COM]]></Domain><SecurityDescriptor>01 00 04 9c 00 00 00 00 00 00 00 00 00 00 00 00 14 00 00 00 04 00 ec 00 08 00 00 00 05 02 28 00 00 01 00 00 01 00 00 00 8f fd ac ed b3 ff d1 11 b4 1d 00 a0 c9 68 f9 39 01 01 00 00 00 00 00 05 0b 00 00 00 00 00 24 00 ff 00 0f 00 01 05 00 00 00 00 00 05 15 00 00 00 84 9f a7 34 19 09 d4 f2 f7 87 8c ae 00 02 00 00 00 02 24 00 ff 00 0f 00 01 05 00 00 00 00 00 05 15 00 00 00 84 9f a7 34 19 09 d4 f2 f7 87 8c ae 00 02 00 00 00 02 24 00 ff 00 0f 00 01 05 00 00 00 00 00 05 15 00 00 00 84 9f a7 34 19 09 d4 f2 f7 87 8c ae 07 02 00 00 00 02 14 00 94 00 02 00 01 01 00 00 00 00 00 05 09 00 00 00 00 02 14 00 94 00 02 00 01 01 00 00 00 00 00 05 0b 00 00 00 00 02 14 00 ff 00 0f 00 01 01 00 00 00 00 00 05 12 00 00 00 00 0a 14 00 ff 00 0f 00 01 01 00 00 00 00 00 03 00 00 00 00</SecurityDescriptor><DisplayName><![CDATA[BGINFO]]></DisplayName><Options><![CDATA[0]]></Options><UserVersionNumber><![CDATA[131074]]></UserVersionNumber><MachineVersionNumber><![CDATA[65537]]></MachineVersionNumber><MachineExtensionGuids><![CDATA[[{35378EAC-683F-11D2-A89A-00C04FBBCFA2}{D02B1F72-3407-48AE-BA88-E8213C6761F1}]]]></MachineExtensionGuids><UserExtensionGuids><![CDATA[[{42B5FAAE-6536-11D2-AE5A-0000F87571E3}{40B66650-4972-11D1-A7CA-0000F87571E3}]]]></UserExtensionGuids><WMIFilter/></GroupPolicyCoreSettings> 
        <GroupPolicyExtension bkp:ID="{35378EAC-683F-11D2-A89A-00C04FBBCFA2}" bkp:DescName="Registry">
            <FSObjectFile bkp:Path="%GPO_MACH_FSPATH%\registry.pol" bkp:SourceExpandedPath="\\dc.JVE5DTEST.COM\sysvol\JVE5DTEST.COM\Policies\{1F022E43-E846-48BA-8D6B-2F79ABC61F23}\Machine\registry.pol" bkp:Location="DomainSysvol\GPO\Machine\registry.pol"/>
            
            <FSObjectFile bkp:Path="%GPO_FSPATH%\Adm\*.*" bkp:SourceExpandedPath="\\dc.JVE5DTEST.COM\sysvol\JVE5DTEST.COM\Policies\{1F022E43-E846-48BA-8D6B-2F79ABC61F23}\Adm\*.*"/>
        </GroupPolicyExtension>
        
        
        <GroupPolicyExtension bkp:ID="{42B5FAAE-6536-11d2-AE5A-0000F87571E3}" bkp:DescName="Scripts">
            
	    
            <FSObjectDir bkp:Path="%GPO_MACH_FSPATH%\Scripts\Startup\*" bkp:SourceExpandedPath="\\dc.JVE5DTEST.COM\sysvol\JVE5DTEST.COM\Policies\{1F022E43-E846-48BA-8D6B-2F79ABC61F23}\Machine\Scripts\Startup\*"/>
            <FSObjectFile bkp:Path="%GPO_MACH_FSPATH%\Scripts\Startup\*" bkp:SourceExpandedPath="\\dc.JVE5DTEST.COM\sysvol\JVE5DTEST.COM\Policies\{1F022E43-E846-48BA-8D6B-2F79ABC61F23}\Machine\Scripts\Startup\*"/>
            <FSObjectDir bkp:Path="%GPO_MACH_FSPATH%\Scripts\Shutdown\*" bkp:SourceExpandedPath="\\dc.JVE5DTEST.COM\sysvol\JVE5DTEST.COM\Policies\{1F022E43-E846-48BA-8D6B-2F79ABC61F23}\Machine\Scripts\Shutdown\*"/>
            <FSObjectFile bkp:Path="%GPO_MACH_FSPATH%\Scripts\Shutdown\*" bkp:SourceExpandedPath="\\dc.JVE5DTEST.COM\sysvol\JVE5DTEST.COM\Policies\{1F022E43-E846-48BA-8D6B-2F79ABC61F23}\Machine\Scripts\Shutdown\*"/>
            <FSObjectFile bkp:Path="%GPO_USER_FSPATH%\Scripts\scripts.ini" bkp:SourceExpandedPath="\\dc.JVE5DTEST.COM\sysvol\JVE5DTEST.COM\Policies\{1F022E43-E846-48BA-8D6B-2F79ABC61F23}\User\Scripts\scripts.ini" bkp:ReEvaluateFunction="ScriptsValidatePaths" bkp:Location="DomainSysvol\GPO\User\Scripts\scripts.ini"/>
	    
            <FSObjectDir bkp:Path="%GPO_USER_FSPATH%\Scripts\Logon\*" bkp:SourceExpandedPath="\\dc.JVE5DTEST.COM\sysvol\JVE5DTEST.COM\Policies\{1F022E43-E846-48BA-8D6B-2F79ABC61F23}\User\Scripts\Logon\*"><FSObjectDir bkp:Path="%GPO_USER_FSPATH%\Scripts\Logon" bkp:SourceExpandedPath="\\dc.JVE5DTEST.COM\sysvol\JVE5DTEST.COM\Policies\{1F022E43-E846-48BA-8D6B-2F79ABC61F23}\User\Scripts\Logon" bkp:Location="DomainSysvol\GPO\User\Scripts\Logon"/></FSObjectDir>
            <FSObjectFile bkp:Path="%GPO_USER_FSPATH%\Scripts\Logon\*" bkp:SourceExpandedPath="\\dc.JVE5DTEST.COM\sysvol\JVE5DTEST.COM\Policies\{1F022E43-E846-48BA-8D6B-2F79ABC61F23}\User\Scripts\Logon\*"/>
            <FSObjectDir bkp:Path="%GPO_USER_FSPATH%\Scripts\Logoff\*" bkp:SourceExpandedPath="\\dc.JVE5DTEST.COM\sysvol\JVE5DTEST.COM\Policies\{1F022E43-E846-48BA-8D6B-2F79ABC61F23}\User\Scripts\Logoff\*"><FSObjectDir bkp:Path="%GPO_USER_FSPATH%\Scripts\Logoff" bkp:SourceExpandedPath="\\dc.JVE5DTEST.COM\sysvol\JVE5DTEST.COM\Policies\{1F022E43-E846-48BA-8D6B-2F79ABC61F23}\User\Scripts\Logoff" bkp:Location="DomainSysvol\GPO\User\Scripts\Logoff"/></FSObjectDir>
            <FSObjectFile bkp:Path="%GPO_USER_FSPATH%\Scripts\Logoff\*" bkp:SourceExpandedPath="\\dc.JVE5DTEST.COM\sysvol\JVE5DTEST.COM\Policies\{1F022E43-E846-48BA-8D6B-2F79ABC61F23}\User\Scripts\Logoff\*"/>
        </GroupPolicyExtension>
        
        
        
        
        
        
    <GroupPolicyExtension bkp:ID="{F15C46CD-82A0-4C2D-A210-5D0D3182A418}" bkp:DescName="Unknown Extension"><FSObjectFile bkp:Path="%GPO_MACH_FSPATH%\comment.cmtx" bkp:SourceExpandedPath="\\dc.JVE5DTEST.COM\sysvol\JVE5DTEST.COM\Policies\{1F022E43-E846-48BA-8D6B-2F79ABC61F23}\Machine\comment.cmtx" bkp:Location="DomainSysvol\GPO\Machine\comment.cmtx"/><FSObjectDir bkp:Path="%GPO_USER_FSPATH%\Documents &amp; Settings" bkp:SourceExpandedPath="\\dc.JVE5DTEST.COM\sysvol\JVE5DTEST.COM\Policies\{1F022E43-E846-48BA-8D6B-2F79ABC61F23}\User\Documents &amp; Settings" bkp:Location="DomainSysvol\GPO\User\Documents &amp; Settings"/><FSObjectDir bkp:Path="%GPO_USER_FSPATH%\Scripts" bkp:SourceExpandedPath="\\dc.JVE5DTEST.COM\sysvol\JVE5DTEST.COM\Policies\{1F022E43-E846-48BA-8D6B-2F79ABC61F23}\User\Scripts" bkp:Location="DomainSysvol\GPO\User\Scripts"/></GroupPolicyExtension></GroupPolicyObject>
</GroupPolicyBackupScheme>