<BackupInst xmlns="http://www.microsoft.com/GroupPolicy/GPOOperations/Manifest"><GPOGuid><![CDATA[{1F022E43-E846-48BA-8D6B-2F79ABC61F23}]]></GPOGuid><GPODomain><![CDATA[JVE5DTEST.COM]]></GPODomain><GPODomainGuid><![CDATA[{11b71e8b-5b26-463e-82d1-768dd8b25a03}]]></GPODomainGuid><GPODomainController><![CDATA[dc.JVE5DTEST.COM]]></GPODomainController><BackupTime><![CDATA[2022-11-28T23:05:06]]></BackupTime><ID><![CDATA[{DB62CA27-897F-4012-9C23-FDD6A2511454}]]></ID><Comment><![CDATA[]]></Comment><GPODisplayName><![CDATA[BGINFO]]></GPODisplayName></BackupInst>
